Changes made at Sat Aug  9 05:58:18 UTC 2025
Changes made at Thu Nov 20 13:38:00 UTC 2025
Changes made at Thu Nov 20 14:15:18 UTC 2025
Changes made at Thu Nov 20 16:19:20 UTC 2025
Changes made at Fri Nov 21 08:21:13 UTC 2025
Changes made at Fri Nov 21 10:15:42 UTC 2025
Changes made at Fri Nov 21 14:14:36 UTC 2025
Changes made at Fri Nov 21 16:18:46 UTC 2025
Changes made at Sat Nov 22 08:18:21 UTC 2025
Changes made at Sat Nov 22 10:14:11 UTC 2025
Changes made at Sat Nov 22 14:12:26 UTC 2025
Changes made at Sat Nov 22 16:16:13 UTC 2025
Changes made at Sun Nov 23 08:18:34 UTC 2025
Changes made at Sun Nov 23 10:14:10 UTC 2025
Changes made at Sun Nov 23 14:12:33 UTC 2025
Changes made at Sun Nov 23 16:16:26 UTC 2025
Changes made at Mon Nov 24 08:21:54 UTC 2025
